n_diff	tot_bins	prop_diff	index_cell	comp_cell
2214	6144	0.3603515625	AT23998-A138956A-R03-C34	AT23998-A138956A-R04-C58
2286	6135	0.3726161369193154	AT23998-A138956A-R03-C34	AT23998-A138956A-R05-C42
2212	6151	0.35961632254917897	AT23998-A138956A-R03-C34	AT23998-A138956A-R05-C64
1972	6141	0.321120338707051	AT23998-A138956A-R03-C34	AT23998-A138956A-R06-C31
2811	6151	0.4569988619736628	AT23998-A138956A-R03-C34	AT23998-A138956A-R06-C34
2318	6134	0.3778937072057385	AT23998-A138956A-R03-C34	AT23998-A138956A-R06-C54
1701	6134	0.2773068144766873	AT23998-A138956A-R03-C34	AT23998-A138956A-R07-C22
1926	6146	0.31337455255450697	AT23998-A138956A-R03-C34	AT23998-A138956A-R08-C36
2607	6162	0.4230769230769231	AT23998-A138956A-R03-C34	AT23998-A138956A-R08-C39
2541	6153	0.4129692832764505	AT23998-A138956A-R03-C34	AT23998-A138956A-R08-C41
3782	6167	0.6132641478838982	AT23998-A138956A-R03-C34	AT23998-A138956A-R08-C60
2373	6123	0.38755512003919645	AT23998-A138956A-R03-C34	AT23998-A138956A-R08-C62
2551	6139	0.41553999022642124	AT23998-A138956A-R03-C34	AT23998-A138956A-R08-C64
2305	6163	0.37400616582833035	AT23998-A138956A-R03-C34	AT23998-A138956A-R09-C17
2378	6142	0.38717030283295345	AT23998-A138956A-R03-C34	AT23998-A138956A-R09-C18
2455	6147	0.3993818122661461	AT23998-A138956A-R03-C34	AT23998-A138956A-R09-C57
2364	6140	0.38501628664495113	AT23998-A138956A-R03-C34	AT23998-A138956A-R09-C63
2758	5953	0.46329581723500757	AT23998-A138956A-R03-C34	AT23998-A138956A-R09-C66
2117	6162	0.3435572865952613	AT23998-A138956A-R03-C34	AT23998-A138956A-R10-C13
2240	6160	0.36363636363636365	AT23998-A138956A-R03-C34	AT23998-A138956A-R10-C21
2549	6138	0.4152818507657217	AT23998-A138956A-R03-C34	AT23998-A138956A-R10-C27
2170	6160	0.3522727272727273	AT23998-A138956A-R03-C34	AT23998-A138956A-R10-C33
2524	6147	0.4106068000650724	AT23998-A138956A-R03-C34	AT23998-A138956A-R10-C51
2099	6158	0.34085742124066254	AT23998-A138956A-R03-C34	AT23998-A138956A-R11-C09
5361	6169	0.8690225320149133	AT23998-A138956A-R03-C34	AT23998-A138956A-R11-C39
1996	6153	0.3243946042580855	AT23998-A138956A-R03-C34	AT23998-A138956A-R12-C48
2368	6107	0.38775176027509417	AT23998-A138956A-R03-C34	AT23998-A138956A-R12-C49
2403	6134	0.3917508966416694	AT23998-A138956A-R03-C34	AT23998-A138956A-R13-C25
1809	6153	0.2940029254022428	AT23998-A138956A-R03-C34	AT23998-A138956A-R13-C37
5520	6137	0.8994622779859867	AT23998-A138956A-R03-C34	AT23998-A138956A-R13-C52
2212	6112	0.3619109947643979	AT23998-A138956A-R03-C34	AT23998-A138956A-R14-C12
3996	6170	0.6476499189627228	AT23998-A138956A-R03-C34	AT23998-A138956A-R14-C30
2111	6155	0.3429731925264013	AT23998-A138956A-R03-C34	AT23998-A138956A-R14-C38
2147	6146	0.3493328994467947	AT23998-A138956A-R03-C34	AT23998-A138956A-R14-C57
2106	6121	0.34406142787126287	AT23998-A138956A-R03-C34	AT23998-A138956A-R14-C65
2238	6128	0.3652088772845953	AT23998-A138956A-R03-C34	AT23998-A138956A-R15-C09
2192	6148	0.3565387117761874	AT23998-A138956A-R03-C34	AT23998-A138956A-R15-C10
5311	6183	0.858968138444121	AT23998-A138956A-R03-C34	AT23998-A138956A-R15-C39
2102	6153	0.34162197302129044	AT23998-A138956A-R03-C34	AT23998-A138956A-R16-C13
1754	6124	0.28641410842586545	AT23998-A138956A-R04-C58	AT23998-A138956A-R05-C42
2159	6177	0.3495224218876477	AT23998-A138956A-R04-C58	AT23998-A138956A-R05-C64
2334	6173	0.3780981694475944	AT23998-A138956A-R04-C58	AT23998-A138956A-R06-C31
2994	6140	0.48762214983713353	AT23998-A138956A-R04-C58	AT23998-A138956A-R06-C34
1609	6138	0.26213750407298797	AT23998-A138956A-R04-C58	AT23998-A138956A-R06-C54
1970	6158	0.3199090613835661	AT23998-A138956A-R04-C58	AT23998-A138956A-R07-C22
2306	6152	0.3748374512353706	AT23998-A138956A-R04-C58	AT23998-A138956A-R08-C36
2153	6171	0.3488899692108248	AT23998-A138956A-R04-C58	AT23998-A138956A-R08-C39
1664	6154	0.2703932401689958	AT23998-A138956A-R04-C58	AT23998-A138956A-R08-C41
2344	6151	0.38107624776459115	AT23998-A138956A-R04-C58	AT23998-A138956A-R08-C60
1972	6137	0.32132963988919666	AT23998-A138956A-R04-C58	AT23998-A138956A-R08-C62
2178	6127	0.35547576301615796	AT23998-A138956A-R04-C58	AT23998-A138956A-R08-C64
1296	6149	0.21076597820783868	AT23998-A138956A-R04-C58	AT23998-A138956A-R09-C17
1840	6157	0.29884684099399056	AT23998-A138956A-R04-C58	AT23998-A138956A-R09-C18
2735	6146	0.44500488122356	AT23998-A138956A-R04-C58	AT23998-A138956A-R09-C57
1435	6159	0.23299236889105374	AT23998-A138956A-R04-C58	AT23998-A138956A-R09-C63
2816	5981	0.47082427687677647	AT23998-A138956A-R04-C58	AT23998-A138956A-R09-C66
1878	6142	0.3057635949202214	AT23998-A138956A-R04-C58	AT23998-A138956A-R10-C13
2049	6147	0.3333333333333333	AT23998-A138956A-R04-C58	AT23998-A138956A-R10-C21
2205	6163	0.3577803018010709	AT23998-A138956A-R04-C58	AT23998-A138956A-R10-C27
1322	6132	0.21559034572733202	AT23998-A138956A-R04-C58	AT23998-A138956A-R10-C33
2249	6167	0.3646829901086428	AT23998-A138956A-R04-C58	AT23998-A138956A-R10-C51
1685	6153	0.2738501543962295	AT23998-A138956A-R04-C58	AT23998-A138956A-R11-C09
5352	6170	0.8674230145867099	AT23998-A138956A-R04-C58	AT23998-A138956A-R11-C39
1959	6155	0.3182778229082047	AT23998-A138956A-R04-C58	AT23998-A138956A-R12-C48
1571	6135	0.2560717196414018	AT23998-A138956A-R04-C58	AT23998-A138956A-R12-C49
1508	6132	0.24592302674494454	AT23998-A138956A-R04-C58	AT23998-A138956A-R13-C25
1888	6150	0.3069918699186992	AT23998-A138956A-R04-C58	AT23998-A138956A-R13-C37
5265	6109	0.8618431821902112	AT23998-A138956A-R04-C58	AT23998-A138956A-R13-C52
1920	6142	0.3126017583848909	AT23998-A138956A-R04-C58	AT23998-A138956A-R14-C12
3934	6181	0.636466591166478	AT23998-A138956A-R04-C58	AT23998-A138956A-R14-C30
1533	6143	0.24955233599218624	AT23998-A138956A-R04-C58	AT23998-A138956A-R14-C38
1243	6151	0.20208096244513088	AT23998-A138956A-R04-C58	AT23998-A138956A-R14-C57
1506	6097	0.2470067246186649	AT23998-A138956A-R04-C58	AT23998-A138956A-R14-C65
1539	6163	0.24971604737952297	AT23998-A138956A-R04-C58	AT23998-A138956A-R15-C09
1645	6142	0.2678280690328883	AT23998-A138956A-R04-C58	AT23998-A138956A-R15-C10
5440	6178	0.8805438653285853	AT23998-A138956A-R04-C58	AT23998-A138956A-R15-C39
1107	6141	0.1802638006839277	AT23998-A138956A-R04-C58	AT23998-A138956A-R16-C13
1333	6155	0.2165718927701056	AT23998-A138956A-R05-C42	AT23998-A138956A-R05-C64
1722	6148	0.2800910865322056	AT23998-A138956A-R05-C42	AT23998-A138956A-R06-C31
2191	6128	0.3575391644908616	AT23998-A138956A-R05-C42	AT23998-A138956A-R06-C34
1875	6140	0.30537459283387625	AT23998-A138956A-R05-C42	AT23998-A138956A-R06-C54
1774	6155	0.2882209585702681	AT23998-A138956A-R05-C42	AT23998-A138956A-R07-C22
1941	6158	0.3151997401753816	AT23998-A138956A-R05-C42	AT23998-A138956A-R08-C36
1352	6156	0.21962313190383365	AT23998-A138956A-R05-C42	AT23998-A138956A-R08-C39
1937	6169	0.31398930134543684	AT23998-A138956A-R05-C42	AT23998-A138956A-R08-C41
2405	6161	0.3903587080019477	AT23998-A138956A-R05-C42	AT23998-A138956A-R08-C60
801	6146	0.13032866905304263	AT23998-A138956A-R05-C42	AT23998-A138956A-R08-C62
2214	6150	0.36	AT23998-A138956A-R05-C42	AT23998-A138956A-R08-C64
1613	6139	0.2627463756312103	AT23998-A138956A-R05-C42	AT23998-A138956A-R09-C17
944	6138	0.1537960247637667	AT23998-A138956A-R05-C42	AT23998-A138956A-R09-C18
2411	6148	0.392160052049447	AT23998-A138956A-R05-C42	AT23998-A138956A-R09-C57
1758	6148	0.285946649316851	AT23998-A138956A-R05-C42	AT23998-A138956A-R09-C63
2231	5987	0.37264072156338734	AT23998-A138956A-R05-C42	AT23998-A138956A-R09-C66
1577	6157	0.2561312327432191	AT23998-A138956A-R05-C42	AT23998-A138956A-R10-C13
2340	6156	0.38011695906432746	AT23998-A138956A-R05-C42	AT23998-A138956A-R10-C21
1278	6139	0.2081772275614921	AT23998-A138956A-R05-C42	AT23998-A138956A-R10-C27
1538	6146	0.25024406117800196	AT23998-A138956A-R05-C42	AT23998-A138956A-R10-C33
1097	6148	0.1784320104098894	AT23998-A138956A-R05-C42	AT23998-A138956A-R10-C51
2183	6137	0.3557112595730813	AT23998-A138956A-R05-C42	AT23998-A138956A-R11-C09
5248	6182	0.8489162083468134	AT23998-A138956A-R05-C42	AT23998-A138956A-R11-C39
1435	6168	0.23265239948119326	AT23998-A138956A-R05-C42	AT23998-A138956A-R12-C48
1995	6133	0.3252894179031469	AT23998-A138956A-R05-C42	AT23998-A138956A-R12-C49
1743	6157	0.28309241513724215	AT23998-A138956A-R05-C42	AT23998-A138956A-R13-C25
1819	6162	0.295196364816618	AT23998-A138956A-R05-C42	AT23998-A138956A-R13-C37
5223	6139	0.8507900309496661	AT23998-A138956A-R05-C42	AT23998-A138956A-R13-C52
2102	6129	0.34295969978789365	AT23998-A138956A-R05-C42	AT23998-A138956A-R14-C12
3779	6171	0.612380489385837	AT23998-A138956A-R05-C42	AT23998-A138956A-R14-C30
1907	6140	0.31058631921824104	AT23998-A138956A-R05-C42	AT23998-A138956A-R14-C38
1666	6153	0.2707622298065984	AT23998-A138956A-R05-C42	AT23998-A138956A-R14-C57
1498	6142	0.2438944969065451	AT23998-A138956A-R05-C42	AT23998-A138956A-R14-C65
1321	6131	0.21546240417550155	AT23998-A138956A-R05-C42	AT23998-A138956A-R15-C09
2142	6144	0.3486328125	AT23998-A138956A-R05-C42	AT23998-A138956A-R15-C10
5216	6184	0.8434670116429496	AT23998-A138956A-R05-C42	AT23998-A138956A-R15-C39
1737	6146	0.282622844126261	AT23998-A138956A-R05-C42	AT23998-A138956A-R16-C13
2020	6156	0.3281351526965562	AT23998-A138956A-R05-C64	AT23998-A138956A-R06-C31
2119	6144	0.3448893229166667	AT23998-A138956A-R05-C64	AT23998-A138956A-R06-C34
1806	6155	0.2934199837530463	AT23998-A138956A-R05-C64	AT23998-A138956A-R06-C54
1531	6147	0.24906458435008946	AT23998-A138956A-R05-C64	AT23998-A138956A-R07-C22
2126	6163	0.3449618692195359	AT23998-A138956A-R05-C64	AT23998-A138956A-R08-C36
1856	6173	0.300664182731249	AT23998-A138956A-R05-C64	AT23998-A138956A-R08-C39
1915	6183	0.30972020054989485	AT23998-A138956A-R05-C64	AT23998-A138956A-R08-C41
2713	6165	0.44006488240064884	AT23998-A138956A-R05-C64	AT23998-A138956A-R08-C60
1436	6166	0.23289004216672074	AT23998-A138956A-R05-C64	AT23998-A138956A-R08-C62
2584	6149	0.42023093185883886	AT23998-A138956A-R05-C64	AT23998-A138956A-R08-C64
1715	6161	0.2783639019639669	AT23998-A138956A-R05-C64	AT23998-A138956A-R09-C17
1173	6151	0.1907006990733214	AT23998-A138956A-R05-C64	AT23998-A138956A-R09-C18
2267	6149	0.36867783379411284	AT23998-A138956A-R05-C64	AT23998-A138956A-R09-C57
1780	6175	0.28825910931174087	AT23998-A138956A-R05-C64	AT23998-A138956A-R09-C63
2418	5968	0.4051608579088472	AT23998-A138956A-R05-C64	AT23998-A138956A-R09-C66
1447	6171	0.23448387619510613	AT23998-A138956A-R05-C64	AT23998-A138956A-R10-C13
2435	6146	0.3961926456231695	AT23998-A138956A-R05-C64	AT23998-A138956A-R10-C21
1487	6163	0.24127859808534804	AT23998-A138956A-R05-C64	AT23998-A138956A-R10-C27
1666	6179	0.26962291632950314	AT23998-A138956A-R05-C64	AT23998-A138956A-R10-C33
1285	6159	0.20863776587108296	AT23998-A138956A-R05-C64	AT23998-A138956A-R10-C51
2191	6192	0.353843669250646	AT23998-A138956A-R05-C64	AT23998-A138956A-R11-C09
5260	6181	0.8509949846303188	AT23998-A138956A-R05-C64	AT23998-A138956A-R11-C39
1784	6166	0.289328576062277	AT23998-A138956A-R05-C64	AT23998-A138956A-R12-C48
1969	6141	0.32063181892199966	AT23998-A138956A-R05-C64	AT23998-A138956A-R12-C49
1761	6170	0.2854132901134522	AT23998-A138956A-R05-C64	AT23998-A138956A-R13-C25
2047	6171	0.331712850429428	AT23998-A138956A-R05-C64	AT23998-A138956A-R13-C37
5115	6121	0.8356477699722268	AT23998-A138956A-R05-C64	AT23998-A138956A-R13-C52
1819	6148	0.2958685751463891	AT23998-A138956A-R05-C64	AT23998-A138956A-R14-C12
4025	6182	0.6510837916531866	AT23998-A138956A-R05-C64	AT23998-A138956A-R14-C30
2150	6172	0.34834737524303305	AT23998-A138956A-R05-C64	AT23998-A138956A-R14-C38
1669	6189	0.26967199870738406	AT23998-A138956A-R05-C64	AT23998-A138956A-R14-C57
1421	6144	0.23128255208333334	AT23998-A138956A-R05-C64	AT23998-A138956A-R14-C65
1678	6142	0.2732009117551286	AT23998-A138956A-R05-C64	AT23998-A138956A-R15-C09
2180	6162	0.35378123985718923	AT23998-A138956A-R05-C64	AT23998-A138956A-R15-C10
5381	6186	0.8698674426123505	AT23998-A138956A-R05-C64	AT23998-A138956A-R15-C39
1767	6150	0.2873170731707317	AT23998-A138956A-R05-C64	AT23998-A138956A-R16-C13
2382	6154	0.38706532336691585	AT23998-A138956A-R06-C31	AT23998-A138956A-R06-C34
2408	6153	0.391353811149033	AT23998-A138956A-R06-C31	AT23998-A138956A-R06-C54
1724	6161	0.2798247037818536	AT23998-A138956A-R06-C31	AT23998-A138956A-R07-C22
1202	6146	0.1955743573055646	AT23998-A138956A-R06-C31	AT23998-A138956A-R08-C36
2297	6158	0.37301071776550826	AT23998-A138956A-R06-C31	AT23998-A138956A-R08-C39
2405	6171	0.38972613838924	AT23998-A138956A-R06-C31	AT23998-A138956A-R08-C41
2816	6170	0.4564019448946515	AT23998-A138956A-R06-C31	AT23998-A138956A-R08-C60
1517	6135	0.24726976365118175	AT23998-A138956A-R06-C31	AT23998-A138956A-R08-C62
2741	6169	0.4443183660236667	AT23998-A138956A-R06-C31	AT23998-A138956A-R08-C64
2153	6154	0.3498537536561586	AT23998-A138956A-R06-C31	AT23998-A138956A-R09-C17
1640	6170	0.26580226904376014	AT23998-A138956A-R06-C31	AT23998-A138956A-R09-C18
2552	6166	0.413882581900746	AT23998-A138956A-R06-C31	AT23998-A138956A-R09-C57
2368	6176	0.38341968911917096	AT23998-A138956A-R06-C31	AT23998-A138956A-R09-C63
2364	5989	0.3947236600434129	AT23998-A138956A-R06-C31	AT23998-A138956A-R09-C66
2159	6167	0.3500891843684125	AT23998-A138956A-R06-C31	AT23998-A138956A-R10-C13
2120	6174	0.34337544541626175	AT23998-A138956A-R06-C31	AT23998-A138956A-R10-C21
1901	6166	0.30830360038923127	AT23998-A138956A-R06-C31	AT23998-A138956A-R10-C27
1744	6161	0.28307093004382405	AT23998-A138956A-R06-C31	AT23998-A138956A-R10-C33
1859	6184	0.300614489003881	AT23998-A138956A-R06-C31	AT23998-A138956A-R10-C51
2210	6169	0.3582428270384179	AT23998-A138956A-R06-C31	AT23998-A138956A-R11-C09
5334	6186	0.8622696411251213	AT23998-A138956A-R06-C31	AT23998-A138956A-R11-C39
1463	6172	0.23703823720025924	AT23998-A138956A-R06-C31	AT23998-A138956A-R12-C48
2383	6147	0.3876687815194404	AT23998-A138956A-R06-C31	AT23998-A138956A-R12-C49
2218	6153	0.36047456525272226	AT23998-A138956A-R06-C31	AT23998-A138956A-R13-C25
1678	6153	0.2727124979684707	AT23998-A138956A-R06-C31	AT23998-A138956A-R13-C37
5391	6136	0.8785853976531942	AT23998-A138956A-R06-C31	AT23998-A138956A-R13-C52
2578	6143	0.4196646589614195	AT23998-A138956A-R06-C31	AT23998-A138956A-R14-C12
3978	6173	0.6444192450996274	AT23998-A138956A-R06-C31	AT23998-A138956A-R14-C30
2217	6176	0.358970207253886	AT23998-A138956A-R06-C31	AT23998-A138956A-R14-C38
2222	6163	0.36053869868570504	AT23998-A138956A-R06-C31	AT23998-A138956A-R14-C57
1889	6138	0.30775496904529165	AT23998-A138956A-R06-C31	AT23998-A138956A-R14-C65
1435	6160	0.23295454545454544	AT23998-A138956A-R06-C31	AT23998-A138956A-R15-C09
2408	6178	0.38977015215280025	AT23998-A138956A-R06-C31	AT23998-A138956A-R15-C10
5070	6180	0.8203883495145631	AT23998-A138956A-R06-C31	AT23998-A138956A-R15-C39
2188	6167	0.35479163288470894	AT23998-A138956A-R06-C31	AT23998-A138956A-R16-C13
2905	6146	0.47266514806378135	AT23998-A138956A-R06-C34	AT23998-A138956A-R06-C54
1909	6151	0.31035603966834663	AT23998-A138956A-R06-C34	AT23998-A138956A-R07-C22
2478	6158	0.402403377720039	AT23998-A138956A-R06-C34	AT23998-A138956A-R08-C36
2678	6148	0.43558880936890043	AT23998-A138956A-R06-C34	AT23998-A138956A-R08-C39
2818	6142	0.4588082057961576	AT23998-A138956A-R06-C34	AT23998-A138956A-R08-C41
3137	6142	0.5107456854444806	AT23998-A138956A-R06-C34	AT23998-A138956A-R08-C60
1976	6137	0.3219814241486068	AT23998-A138956A-R06-C34	AT23998-A138956A-R08-C62
3222	6134	0.5252689925008152	AT23998-A138956A-R06-C34	AT23998-A138956A-R08-C64
2858	6136	0.4657757496740548	AT23998-A138956A-R06-C34	AT23998-A138956A-R09-C17
2238	6150	0.36390243902439023	AT23998-A138956A-R06-C34	AT23998-A138956A-R09-C18
2639	6149	0.42917547568710357	AT23998-A138956A-R06-C34	AT23998-A138956A-R09-C57
2754	6134	0.4489729377241604	AT23998-A138956A-R06-C34	AT23998-A138956A-R09-C63
3030	5981	0.5066042467814746	AT23998-A138956A-R06-C34	AT23998-A138956A-R09-C66
2003	6141	0.32616837648591435	AT23998-A138956A-R06-C34	AT23998-A138956A-R10-C13
3358	6162	0.5449529373580007	AT23998-A138956A-R06-C34	AT23998-A138956A-R10-C21
2180	6148	0.3545868575146389	AT23998-A138956A-R06-C34	AT23998-A138956A-R10-C27
2863	6147	0.46575565316414513	AT23998-A138956A-R06-C34	AT23998-A138956A-R10-C33
2639	6157	0.42861783336040277	AT23998-A138956A-R06-C34	AT23998-A138956A-R10-C51
2837	6129	0.4628813835862294	AT23998-A138956A-R06-C34	AT23998-A138956A-R11-C09
5279	6167	0.8560077833630615	AT23998-A138956A-R06-C34	AT23998-A138956A-R11-C39
1975	6150	0.32113821138211385	AT23998-A138956A-R06-C34	AT23998-A138956A-R12-C48
3094	6122	0.505390395295655	AT23998-A138956A-R06-C34	AT23998-A138956A-R12-C49
2639	6163	0.42820055167937693	AT23998-A138956A-R06-C34	AT23998-A138956A-R13-C25
2244	6147	0.36505612493899464	AT23998-A138956A-R06-C34	AT23998-A138956A-R13-C37
5241	6133	0.8545573128974401	AT23998-A138956A-R06-C34	AT23998-A138956A-R13-C52
2932	6123	0.47885023681202027	AT23998-A138956A-R06-C34	AT23998-A138956A-R14-C12
3935	6181	0.6366283772852289	AT23998-A138956A-R06-C34	AT23998-A138956A-R14-C30
2960	6154	0.4809879753006175	AT23998-A138956A-R06-C34	AT23998-A138956A-R14-C38
2878	6151	0.46789139977239474	AT23998-A138956A-R06-C34	AT23998-A138956A-R14-C57
2593	6126	0.42327783219066273	AT23998-A138956A-R06-C34	AT23998-A138956A-R14-C65
2167	6151	0.35230043895301577	AT23998-A138956A-R06-C34	AT23998-A138956A-R15-C09
2948	6138	0.48028673835125446	AT23998-A138956A-R06-C34	AT23998-A138956A-R15-C10
5345	6175	0.8655870445344129	AT23998-A138956A-R06-C34	AT23998-A138956A-R15-C39
2741	6144	0.4461263020833333	AT23998-A138956A-R06-C34	AT23998-A138956A-R16-C13
1926	6151	0.313119817915786	AT23998-A138956A-R06-C54	AT23998-A138956A-R07-C22
2338	6161	0.3794838500243467	AT23998-A138956A-R06-C54	AT23998-A138956A-R08-C36
2179	6154	0.3540786480337992	AT23998-A138956A-R06-C54	AT23998-A138956A-R08-C39
1011	6150	0.16439024390243903	AT23998-A138956A-R06-C54	AT23998-A138956A-R08-C41
2776	6156	0.45094217024041583	AT23998-A138956A-R06-C54	AT23998-A138956A-R08-C60
1728	6124	0.2821685173089484	AT23998-A138956A-R06-C54	AT23998-A138956A-R08-C62
2485	6148	0.4041964866623292	AT23998-A138956A-R06-C54	AT23998-A138956A-R08-C64
1138	6130	0.18564437194127242	AT23998-A138956A-R06-C54	AT23998-A138956A-R09-C17
1661	6179	0.26881372390354424	AT23998-A138956A-R06-C54	AT23998-A138956A-R09-C18
2874	6135	0.4684596577017115	AT23998-A138956A-R06-C54	AT23998-A138956A-R09-C57
1089	6141	0.17733268197361993	AT23998-A138956A-R06-C54	AT23998-A138956A-R09-C63
2724	6017	0.45271730098055507	AT23998-A138956A-R06-C54	AT23998-A138956A-R09-C66
1625	6162	0.26371308016877637	AT23998-A138956A-R06-C54	AT23998-A138956A-R10-C13
2150	6158	0.34913933095160765	AT23998-A138956A-R06-C54	AT23998-A138956A-R10-C21
2001	6141	0.3258426966292135	AT23998-A138956A-R06-C54	AT23998-A138956A-R10-C27
1949	6150	0.31691056910569104	AT23998-A138956A-R06-C54	AT23998-A138956A-R10-C33
1890	6162	0.30671859785783834	AT23998-A138956A-R06-C54	AT23998-A138956A-R10-C51
1393	6129	0.22728014357970305	AT23998-A138956A-R06-C54	AT23998-A138956A-R11-C09
5200	6179	0.8415601229972487	AT23998-A138956A-R06-C54	AT23998-A138956A-R11-C39
1985	6155	0.32250203086921203	AT23998-A138956A-R06-C54	AT23998-A138956A-R12-C48
1391	6127	0.2270279092541211	AT23998-A138956A-R06-C54	AT23998-A138956A-R12-C49
914	6134	0.14900554287577436	AT23998-A138956A-R06-C54	AT23998-A138956A-R13-C25
2187	6141	0.35613092330239376	AT23998-A138956A-R06-C54	AT23998-A138956A-R13-C37
5066	6094	0.8313094847390876	AT23998-A138956A-R06-C54	AT23998-A138956A-R13-C52
1411	6119	0.2305932341885929	AT23998-A138956A-R06-C54	AT23998-A138956A-R14-C12
4181	6190	0.6754442649434572	AT23998-A138956A-R06-C54	AT23998-A138956A-R14-C30
1236	6130	0.20163132137030995	AT23998-A138956A-R06-C54	AT23998-A138956A-R14-C38
1049	6146	0.17068011714936543	AT23998-A138956A-R06-C54	AT23998-A138956A-R14-C57
1181	6138	0.1924079504724666	AT23998-A138956A-R06-C54	AT23998-A138956A-R14-C65
2224	6130	0.3628058727569331	AT23998-A138956A-R06-C54	AT23998-A138956A-R15-C09
1378	6162	0.22362869198312235	AT23998-A138956A-R06-C54	AT23998-A138956A-R15-C10
5253	6181	0.8498624817990617	AT23998-A138956A-R06-C54	AT23998-A138956A-R15-C39
1020	6140	0.16612377850162866	AT23998-A138956A-R06-C54	AT23998-A138956A-R16-C13
1911	6169	0.30977467985086726	AT23998-A138956A-R07-C22	AT23998-A138956A-R08-C36
2150	6173	0.34829094443544467	AT23998-A138956A-R07-C22	AT23998-A138956A-R08-C39
1975	6167	0.3202529592994973	AT23998-A138956A-R07-C22	AT23998-A138956A-R08-C41
2962	6172	0.4799092676604018	AT23998-A138956A-R07-C22	AT23998-A138956A-R08-C60
1526	6146	0.24829157175398633	AT23998-A138956A-R07-C22	AT23998-A138956A-R08-C62
2758	6159	0.447799967527196	AT23998-A138956A-R07-C22	AT23998-A138956A-R08-C64
1690	6148	0.274886141834743	AT23998-A138956A-R07-C22	AT23998-A138956A-R09-C17
1629	6148	0.2649642160052049	AT23998-A138956A-R07-C22	AT23998-A138956A-R09-C18
2265	6153	0.3681131155533886	AT23998-A138956A-R07-C22	AT23998-A138956A-R09-C57
1892	6151	0.3075922614209072	AT23998-A138956A-R07-C22	AT23998-A138956A-R09-C63
2455	5956	0.41218938885157824	AT23998-A138956A-R07-C22	AT23998-A138956A-R09-C66
1313	6159	0.21318395843481083	AT23998-A138956A-R07-C22	AT23998-A138956A-R10-C13
2425	6160	0.39366883116883117	AT23998-A138956A-R07-C22	AT23998-A138956A-R10-C21
1816	6146	0.2954767328343638	AT23998-A138956A-R07-C22	AT23998-A138956A-R10-C27
1878	6172	0.30427738172391444	AT23998-A138956A-R07-C22	AT23998-A138956A-R10-C33
2122	6170	0.34392220421393843	AT23998-A138956A-R07-C22	AT23998-A138956A-R10-C51
1723	6151	0.2801170541375386	AT23998-A138956A-R07-C22	AT23998-A138956A-R11-C09
5396	6186	0.8722922728742322	AT23998-A138956A-R07-C22	AT23998-A138956A-R11-C39
1364	6177	0.22081916788084832	AT23998-A138956A-R07-C22	AT23998-A138956A-R12-C48
2045	6141	0.33300765347663247	AT23998-A138956A-R07-C22	AT23998-A138956A-R12-C49
1884	6165	0.3055961070559611	AT23998-A138956A-R07-C22	AT23998-A138956A-R13-C25
1419	6157	0.23046938444047427	AT23998-A138956A-R07-C22	AT23998-A138956A-R13-C37
5288	6155	0.8591389114541024	AT23998-A138956A-R07-C22	AT23998-A138956A-R13-C52
2045	6134	0.3333876752526899	AT23998-A138956A-R07-C22	AT23998-A138956A-R14-C12
3829	6179	0.6196795597993203	AT23998-A138956A-R07-C22	AT23998-A138956A-R14-C30
1953	6159	0.3170969313200195	AT23998-A138956A-R07-C22	AT23998-A138956A-R14-C38
1805	6163	0.2928768456920331	AT23998-A138956A-R07-C22	AT23998-A138956A-R14-C57
1813	6143	0.2951326713332248	AT23998-A138956A-R07-C22	AT23998-A138956A-R14-C65
1328	6156	0.2157244964262508	AT23998-A138956A-R07-C22	AT23998-A138956A-R15-C09
2052	6154	0.333441663958401	AT23998-A138956A-R07-C22	AT23998-A138956A-R15-C10
5313	6172	0.8608230719377835	AT23998-A138956A-R07-C22	AT23998-A138956A-R15-C39
1815	6156	0.2948343079922027	AT23998-A138956A-R07-C22	AT23998-A138956A-R16-C13
2265	6178	0.3666235027516996	AT23998-A138956A-R08-C36	AT23998-A138956A-R08-C39
2326	6180	0.37637540453074436	AT23998-A138956A-R08-C36	AT23998-A138956A-R08-C41
2908	6188	0.46994182288299935	AT23998-A138956A-R08-C36	AT23998-A138956A-R08-C60
1599	6149	0.26004228329809725	AT23998-A138956A-R08-C36	AT23998-A138956A-R08-C62
2907	6170	0.47115072933549434	AT23998-A138956A-R08-C36	AT23998-A138956A-R08-C64
2156	6160	0.35	AT23998-A138956A-R08-C36	AT23998-A138956A-R09-C17
1773	6161	0.28777795812368123	AT23998-A138956A-R08-C36	AT23998-A138956A-R09-C18
2629	6160	0.42678571428571427	AT23998-A138956A-R08-C36	AT23998-A138956A-R09-C57
2317	6163	0.3759532695116015	AT23998-A138956A-R08-C36	AT23998-A138956A-R09-C63
2268	5964	0.38028169014084506	AT23998-A138956A-R08-C36	AT23998-A138956A-R09-C66
2127	6172	0.3446208684381076	AT23998-A138956A-R08-C36	AT23998-A138956A-R10-C13
2100	6180	0.33980582524271846	AT23998-A138956A-R08-C36	AT23998-A138956A-R10-C21
1896	6167	0.30744284092751745	AT23998-A138956A-R08-C36	AT23998-A138956A-R10-C27
1639	6159	0.266114628998214	AT23998-A138956A-R08-C36	AT23998-A138956A-R10-C33
1789	6177	0.28962279423668447	AT23998-A138956A-R08-C36	AT23998-A138956A-R10-C51
2217	6176	0.358970207253886	AT23998-A138956A-R08-C36	AT23998-A138956A-R11-C09
5173	6176	0.8375971502590673	AT23998-A138956A-R08-C36	AT23998-A138956A-R11-C39
1520	6176	0.24611398963730569	AT23998-A138956A-R08-C36	AT23998-A138956A-R12-C48
2416	6146	0.3931012040351448	AT23998-A138956A-R08-C36	AT23998-A138956A-R12-C49
2025	6148	0.3293754066363045	AT23998-A138956A-R08-C36	AT23998-A138956A-R13-C25
1598	6151	0.2597951552593074	AT23998-A138956A-R08-C36	AT23998-A138956A-R13-C37
5381	6153	0.8745327482528847	AT23998-A138956A-R08-C36	AT23998-A138956A-R13-C52
2417	6130	0.3942903752039152	AT23998-A138956A-R08-C36	AT23998-A138956A-R14-C12
3747	6190	0.6053311793214863	AT23998-A138956A-R08-C36	AT23998-A138956A-R14-C30
2178	6179	0.3524842207476938	AT23998-A138956A-R08-C36	AT23998-A138956A-R14-C38
2251	6178	0.36435739721592747	AT23998-A138956A-R08-C36	AT23998-A138956A-R14-C57
1965	6160	0.3189935064935065	AT23998-A138956A-R08-C36	AT23998-A138956A-R14-C65
1423	6161	0.2309689985391982	AT23998-A138956A-R08-C36	AT23998-A138956A-R15-C09
2559	6171	0.4146815751093826	AT23998-A138956A-R08-C36	AT23998-A138956A-R15-C10
5199	6183	0.8408539543910722	AT23998-A138956A-R08-C36	AT23998-A138956A-R15-C39
2266	6164	0.3676184295911746	AT23998-A138956A-R08-C36	AT23998-A138956A-R16-C13
2209	6161	0.35854569063463726	AT23998-A138956A-R08-C39	AT23998-A138956A-R08-C41
2510	6175	0.4064777327935223	AT23998-A138956A-R08-C39	AT23998-A138956A-R08-C60
1525	6159	0.24760513070303622	AT23998-A138956A-R08-C39	AT23998-A138956A-R08-C62
2455	6160	0.398538961038961	AT23998-A138956A-R08-C39	AT23998-A138956A-R08-C64
2003	6163	0.32500405646600683	AT23998-A138956A-R08-C39	AT23998-A138956A-R09-C17
1377	6149	0.2239388518458286	AT23998-A138956A-R08-C39	AT23998-A138956A-R09-C18
2979	6167	0.4830549700016215	AT23998-A138956A-R08-C39	AT23998-A138956A-R09-C57
2163	6162	0.3510223953261928	AT23998-A138956A-R08-C39	AT23998-A138956A-R09-C63
2629	5972	0.4402210314802411	AT23998-A138956A-R08-C39	AT23998-A138956A-R09-C66
1853	6162	0.30071405387861083	AT23998-A138956A-R08-C39	AT23998-A138956A-R10-C13
2735	6157	0.4442098424557414	AT23998-A138956A-R08-C39	AT23998-A138956A-R10-C21
1614	6142	0.26278085314229893	AT23998-A138956A-R08-C39	AT23998-A138956A-R10-C27
1698	6167	0.2753364682990109	AT23998-A138956A-R08-C39	AT23998-A138956A-R10-C33
1721	6154	0.2796555086122847	AT23998-A138956A-R08-C39	AT23998-A138956A-R10-C51
2497	6158	0.40548879506333224	AT23998-A138956A-R08-C39	AT23998-A138956A-R11-C09
5236	6184	0.8467011642949547	AT23998-A138956A-R08-C39	AT23998-A138956A-R11-C39
1858	6163	0.3014765536264806	AT23998-A138956A-R08-C39	AT23998-A138956A-R12-C48
2286	6113	0.37395714052020285	AT23998-A138956A-R08-C39	AT23998-A138956A-R12-C49
2001	6144	0.32568359375	AT23998-A138956A-R08-C39	AT23998-A138956A-R13-C25
1987	6178	0.32162512139851085	AT23998-A138956A-R08-C39	AT23998-A138956A-R13-C37
4908	6092	0.8056467498358503	AT23998-A138956A-R08-C39	AT23998-A138956A-R13-C52
2457	6143	0.3999674426176135	AT23998-A138956A-R08-C39	AT23998-A138956A-R14-C12
3592	6181	0.5811357385536321	AT23998-A138956A-R08-C39	AT23998-A138956A-R14-C30
2303	6146	0.37471526195899774	AT23998-A138956A-R08-C39	AT23998-A138956A-R14-C38
2065	6160	0.3352272727272727	AT23998-A138956A-R08-C39	AT23998-A138956A-R14-C57
2024	6157	0.32873152509338965	AT23998-A138956A-R08-C39	AT23998-A138956A-R14-C65
1636	6159	0.2656275369378146	AT23998-A138956A-R08-C39	AT23998-A138956A-R15-C09
2464	6163	0.3998052896316729	AT23998-A138956A-R08-C39	AT23998-A138956A-R15-C10
4960	6174	0.8033689666342727	AT23998-A138956A-R08-C39	AT23998-A138956A-R15-C39
2243	6156	0.3643599740090968	AT23998-A138956A-R08-C39	AT23998-A138956A-R16-C13
2627	6154	0.426876828079298	AT23998-A138956A-R08-C41	AT23998-A138956A-R08-C60
1662	6146	0.27041978522616333	AT23998-A138956A-R08-C41	AT23998-A138956A-R08-C62
2621	6160	0.42548701298701297	AT23998-A138956A-R08-C41	AT23998-A138956A-R08-C64
970	6161	0.15744197370556728	AT23998-A138956A-R08-C41	AT23998-A138956A-R09-C17
1513	6172	0.2451393389500972	AT23998-A138956A-R08-C41	AT23998-A138956A-R09-C18
2947	6152	0.47903120936280885	AT23998-A138956A-R08-C41	AT23998-A138956A-R09-C57
781	6152	0.12695058517555266	AT23998-A138956A-R08-C41	AT23998-A138956A-R09-C63
2639	6026	0.4379356123464985	AT23998-A138956A-R08-C41	AT23998-A138956A-R09-C66
1472	6160	0.23896103896103896	AT23998-A138956A-R08-C41	AT23998-A138956A-R10-C13
2062	6154	0.3350666233344166	AT23998-A138956A-R08-C41	AT23998-A138956A-R10-C21
1759	6145	0.2862489829129373	AT23998-A138956A-R08-C41	AT23998-A138956A-R10-C27
2038	6163	0.33068310887554764	AT23998-A138956A-R08-C41	AT23998-A138956A-R10-C33
1844	6161	0.2993020613536764	AT23998-A138956A-R08-C41	AT23998-A138956A-R10-C51
1340	6167	0.21728555213231718	AT23998-A138956A-R08-C41	AT23998-A138956A-R11-C09
5202	6168	0.8433852140077821	AT23998-A138956A-R08-C41	AT23998-A138956A-R11-C39
1880	6167	0.3048483865736987	AT23998-A138956A-R08-C41	AT23998-A138956A-R12-C48
981	6156	0.15935672514619884	AT23998-A138956A-R08-C41	AT23998-A138956A-R12-C49
737	6153	0.11977896960832114	AT23998-A138956A-R08-C41	AT23998-A138956A-R13-C25
2204	6171	0.3571544320207422	AT23998-A138956A-R08-C41	AT23998-A138956A-R13-C37
4921	6122	0.8038222803005554	AT23998-A138956A-R08-C41	AT23998-A138956A-R13-C52
1586	6130	0.25872756933115826	AT23998-A138956A-R08-C41	AT23998-A138956A-R14-C12
4183	6184	0.6764230271668823	AT23998-A138956A-R08-C41	AT23998-A138956A-R14-C30
1081	6126	0.17646098596147566	AT23998-A138956A-R08-C41	AT23998-A138956A-R14-C38
874	6146	0.14220631304913764	AT23998-A138956A-R08-C41	AT23998-A138956A-R14-C57
1123	6133	0.1831077775966085	AT23998-A138956A-R08-C41	AT23998-A138956A-R14-C65
2183	6150	0.35495934959349595	AT23998-A138956A-R08-C41	AT23998-A138956A-R15-C09
1487	6152	0.24171001300390116	AT23998-A138956A-R08-C41	AT23998-A138956A-R15-C10
5311	6165	0.8614760746147607	AT23998-A138956A-R08-C41	AT23998-A138956A-R15-C39
1019	6145	0.1658258746948739	AT23998-A138956A-R08-C41	AT23998-A138956A-R16-C13
2420	6152	0.3933680104031209	AT23998-A138956A-R08-C60	AT23998-A138956A-R08-C62
3287	6167	0.5329982163126318	AT23998-A138956A-R08-C60	AT23998-A138956A-R08-C64
2289	6159	0.37165124208475403	AT23998-A138956A-R08-C60	AT23998-A138956A-R09-C17
2277	6158	0.36976291003572587	AT23998-A138956A-R08-C60	AT23998-A138956A-R09-C18
3542	6163	0.5747201038455297	AT23998-A138956A-R08-C60	AT23998-A138956A-R09-C57
2262	6149	0.3678646934460888	AT23998-A138956A-R08-C60	AT23998-A138956A-R09-C63
3275	5964	0.5491281019450034	AT23998-A138956A-R08-C60	AT23998-A138956A-R09-C66
2514	6184	0.40653298835705043	AT23998-A138956A-R08-C60	AT23998-A138956A-R10-C13
3204	6172	0.5191186001296176	AT23998-A138956A-R08-C60	AT23998-A138956A-R10-C21
2184	6149	0.35517970401691334	AT23998-A138956A-R08-C60	AT23998-A138956A-R10-C27
2387	6185	0.3859337105901374	AT23998-A138956A-R08-C60	AT23998-A138956A-R10-C33
2313	6174	0.3746355685131195	AT23998-A138956A-R08-C60	AT23998-A138956A-R10-C51
2948	6165	0.4781832927818329	AT23998-A138956A-R08-C60	AT23998-A138956A-R11-C09
5293	6177	0.8568884571798607	AT23998-A138956A-R08-C60	AT23998-A138956A-R11-C39
2690	6172	0.4358392741412832	AT23998-A138956A-R08-C60	AT23998-A138956A-R12-C48
2890	6127	0.4716827158478864	AT23998-A138956A-R08-C60	AT23998-A138956A-R12-C49
2387	6160	0.3875	AT23998-A138956A-R08-C60	AT23998-A138956A-R13-C25
3133	6187	0.5063843542912558	AT23998-A138956A-R08-C60	AT23998-A138956A-R13-C37
5192	6124	0.8478118876551274	AT23998-A138956A-R08-C60	AT23998-A138956A-R13-C52
3203	6145	0.5212367778681856	AT23998-A138956A-R08-C60	AT23998-A138956A-R14-C12
4101	6183	0.66327025715672006	AT23998-A138956A-R08-C60	AT23998-A138956A-R14-C30
2917	6170	0.47277147487844406	AT23998-A138956A-R08-C60	AT23998-A138956A-R14-C38
2575	6147	0.4189035301773223	AT23998-A138956A-R08-C60	AT23998-A138956A-R14-C57
2463	6160	0.3998376623376623	AT23998-A138956A-R08-C60	AT23998-A138956A-R14-C65
2119	6157	0.3441611174273185	AT23998-A138956A-R08-C60	AT23998-A138956A-R15-C09
2685	6164	0.43559377027903956	AT23998-A138956A-R08-C60	AT23998-A138956A-R15-C10
5257	6185	0.8499595796281326	AT23998-A138956A-R08-C60	AT23998-A138956A-R15-C39
2563	6148	0.41688353936239425	AT23998-A138956A-R08-C60	AT23998-A138956A-R16-C13
2638	6137	0.4298517190809842	AT23998-A138956A-R08-C62	AT23998-A138956A-R08-C64
1534	6128	0.25032637075718017	AT23998-A138956A-R08-C62	AT23998-A138956A-R09-C17
718	6150	0.1167479674796748	AT23998-A138956A-R08-C62	AT23998-A138956A-R09-C18
2128	6149	0.34607253211904376	AT23998-A138956A-R08-C62	AT23998-A138956A-R09-C57
1703	6138	0.2774519387422613	AT23998-A138956A-R08-C62	AT23998-A138956A-R09-C63
1959	5949	0.3292990418557741	AT23998-A138956A-R08-C62	AT23998-A138956A-R09-C66
1616	6154	0.26259343516412087	AT23998-A138956A-R08-C62	AT23998-A138956A-R10-C13
2297	6155	0.37319252640129974	AT23998-A138956A-R08-C62	AT23998-A138956A-R10-C21
1045	6138	0.17025089605734767	AT23998-A138956A-R08-C62	AT23998-A138956A-R10-C27
1400	6141	0.22797589969060414	AT23998-A138956A-R08-C62	AT23998-A138956A-R10-C33
1364	6154	0.2216444588885278	AT23998-A138956A-R08-C62	AT23998-A138956A-R10-C51
1696	6138	0.27631150211795374	AT23998-A138956A-R08-C62	AT23998-A138956A-R11-C09
5068	6180	0.8200647249190939	AT23998-A138956A-R08-C62	AT23998-A138956A-R11-C39
1043	6149	0.16962107659782077	AT23998-A138956A-R08-C62	AT23998-A138956A-R12-C48
2006	6129	0.32729645945504976	AT23998-A138956A-R08-C62	AT23998-A138956A-R12-C49
1418	6137	0.23105751996089294	AT23998-A138956A-R08-C62	AT23998-A138956A-R13-C25
1516	6171	0.24566520823205315	AT23998-A138956A-R08-C62	AT23998-A138956A-R13-C37
5132	6128	0.837467362924282	AT23998-A138956A-R08-C62	AT23998-A138956A-R13-C52
2064	6120	0.33725490196078434	AT23998-A138956A-R08-C62	AT23998-A138956A-R14-C12
3662	6173	0.5932285760570225	AT23998-A138956A-R08-C62	AT23998-A138956A-R14-C30
1664	6159	0.27017372950154245	AT23998-A138956A-R08-C62	AT23998-A138956A-R14-C38
1652	6153	0.2684869169510808	AT23998-A138956A-R08-C62	AT23998-A138956A-R14-C57
1408	6139	0.229353314872129	AT23998-A138956A-R08-C62	AT23998-A138956A-R14-C65
1055	6133	0.17202021849013532	AT23998-A138956A-R08-C62	AT23998-A138956A-R15-C09
1952	6136	0.318122555410691	AT23998-A138956A-R08-C62	AT23998-A138956A-R15-C10
5109	6171	0.8279047156052504	AT23998-A138956A-R08-C62	AT23998-A138956A-R15-C39
1733	6136	0.2824315514993481	AT23998-A138956A-R08-C62	AT23998-A138956A-R16-C13
2485	6124	0.4057805355976486	AT23998-A138956A-R08-C64	AT23998-A138956A-R09-C17
2399	6163	0.38925847801395425	AT23998-A138956A-R08-C64	AT23998-A138956A-R09-C18
3339	6139	0.5438996579247435	AT23998-A138956A-R08-C64	AT23998-A138956A-R09-C57
2554	6148	0.41541964866623293	AT23998-A138956A-R08-C64	AT23998-A138956A-R09-C63
3183	5978	0.5324523251923721	AT23998-A138956A-R08-C64	AT23998-A138956A-R09-C66
2726	6155	0.4428919577579204	AT23998-A138956A-R08-C64	AT23998-A138956A-R10-C13
2810	6161	0.45609478980684953	AT23998-A138956A-R08-C64	AT23998-A138956A-R10-C21
2648	6151	0.43049910583644935	AT23998-A138956A-R08-C64	AT23998-A138956A-R10-C27
2396	6163	0.38877170209313644	AT23998-A138956A-R08-C64	AT23998-A138956A-R10-C33
2690	6170	0.4359805510534846	AT23998-A138956A-R08-C64	AT23998-A138956A-R10-C51
2582	6152	0.41970091027308193	AT23998-A138956A-R08-C64	AT23998-A138956A-R11-C09
5576	6183	0.9018275917839237	AT23998-A138956A-R08-C64	AT23998-A138956A-R11-C39
2830	6162	0.45926647192469977	AT23998-A138956A-R08-C64	AT23998-A138956A-R12-C48
2648	6126	0.43225595821090435	AT23998-A138956A-R08-C64	AT23998-A138956A-R12-C49
2486	6152	0.4040962288686606	AT23998-A138956A-R08-C64	AT23998-A138956A-R13-C25
2907	6170	0.47115072933549434	AT23998-A138956A-R08-C64	AT23998-A138956A-R13-C37
5254	6129	0.8572360907162669	AT23998-A138956A-R08-C64	AT23998-A138956A-R13-C52
2613	6131	0.4261947480019573	AT23998-A138956A-R08-C64	AT23998-A138956A-R14-C12
3820	6179	0.6182230134325942	AT23998-A138956A-R08-C64	AT23998-A138956A-R14-C30
2370	6145	0.3856794141578519	AT23998-A138956A-R08-C64	AT23998-A138956A-R14-C38
2413	6148	0.3924853610930384	AT23998-A138956A-R08-C64	AT23998-A138956A-R14-C57
2171	6149	0.35306553911205074	AT23998-A138956A-R08-C64	AT23998-A138956A-R14-C65
2791	6143	0.4543382712029953	AT23998-A138956A-R08-C64	AT23998-A138956A-R15-C09
2712	6152	0.4408322496749025	AT23998-A138956A-R08-C64	AT23998-A138956A-R15-C10
5096	6176	0.8251295336787565	AT23998-A138956A-R08-C64	AT23998-A138956A-R15-C39
2371	6145	0.3858421480878763	AT23998-A138956A-R08-C64	AT23998-A138956A-R16-C13
1341	6145	0.21822620016273392	AT23998-A138956A-R09-C17	AT23998-A138956A-R09-C18
2594	6149	0.42185721255488695	AT23998-A138956A-R09-C17	AT23998-A138956A-R09-C57
605	6146	0.0984380084607875	AT23998-A138956A-R09-C17	AT23998-A138956A-R09-C63
2645	5984	0.4420120320855615	AT23998-A138956A-R09-C17	AT23998-A138956A-R09-C66
1602	6166	0.25981187155368146	AT23998-A138956A-R09-C17	AT23998-A138956A-R10-C13
2015	6166	0.326792085630879	AT23998-A138956A-R09-C17	AT23998-A138956A-R10-C21
1730	6152	0.2812093628088427	AT23998-A138956A-R09-C17	AT23998-A138956A-R10-C27
1737	6170	0.28152350081037275	AT23998-A138956A-R09-C17	AT23998-A138956A-R10-C33
1674	6146	0.272372274650179	AT23998-A138956A-R09-C17	AT23998-A138956A-R10-C51
1255	6159	0.20376684526708883	AT23998-A138956A-R09-C17	AT23998-A138956A-R11-C09
5276	6170	0.8551053484602917	AT23998-A138956A-R09-C17	AT23998-A138956A-R11-C39
1655	6153	0.26897448399154883	AT23998-A138956A-R09-C17	AT23998-A138956A-R12-C48
1137	6121	0.18575396177095246	AT23998-A138956A-R09-C17	AT23998-A138956A-R12-C49
930	6144	0.1513671875	AT23998-A138956A-R09-C17	AT23998-A138956A-R13-C25
1975	6162	0.32051282051282054	AT23998-A138956A-R09-C17	AT23998-A138956A-R13-C37
5048	6113	0.8257811221985931	AT23998-A138956A-R09-C17	AT23998-A138956A-R13-C52
1551	6122	0.2533485788957857	AT23998-A138956A-R09-C17	AT23998-A138956A-R14-C12
4121	6186	0.6661817006142904	AT23998-A138956A-R09-C17	AT23998-A138956A-R14-C30
1239	6148	0.20152895250487965	AT23998-A138956A-R09-C17	AT23998-A138956A-R14-C38
869	6135	0.14164629176854115	AT23998-A138956A-R09-C17	AT23998-A138956A-R14-C57
1073	6114	0.1754988550866863	AT23998-A138956A-R09-C17	AT23998-A138956A-R14-C65
1708	6134	0.2784479947831757	AT23998-A138956A-R09-C17	AT23998-A138956A-R15-C09
1530	6141	0.24914509037616023	AT23998-A138956A-R09-C17	AT23998-A138956A-R15-C10
5242	6179	0.8483573393753034	AT23998-A138956A-R09-C17	AT23998-A138956A-R15-C39
797	6119	0.1302500408563491	AT23998-A138956A-R09-C17	AT23998-A138956A-R16-C13
2209	6160	0.3586038961038961	AT23998-A138956A-R09-C18	AT23998-A138956A-R09-C57
1476	6162	0.2395326192794547	AT23998-A138956A-R09-C18	AT23998-A138956A-R09-C63
2091	5980	0.3496655518394649	AT23998-A138956A-R09-C18	AT23998-A138956A-R09-C66
1460	6162	0.23693605972086984	AT23998-A138956A-R09-C18	AT23998-A138956A-R10-C13
2140	6164	0.34717715768981183	AT23998-A138956A-R09-C18	AT23998-A138956A-R10-C21
950	6147	0.15454693346347811	AT23998-A138956A-R09-C18	AT23998-A138956A-R10-C27
1216	6146	0.19785226163358283	AT23998-A138956A-R09-C18	AT23998-A138956A-R10-C33
1108	6166	0.17969510217320792	AT23998-A138956A-R09-C18	AT23998-A138956A-R10-C51
1846	6172	0.29909267660401817	AT23998-A138956A-R09-C18	AT23998-A138956A-R11-C09
5215	6187	0.8428963956683369	AT23998-A138956A-R09-C18	AT23998-A138956A-R11-C39
1178	6158	0.19129587528418318	AT23998-A138956A-R09-C18	AT23998-A138956A-R12-C48
1753	6139	0.2855513927349731	AT23998-A138956A-R09-C18	AT23998-A138956A-R12-C49
1345	6147	0.21880592158776638	AT23998-A138956A-R09-C18	AT23998-A138956A-R13-C25
1589	6171	0.2574947334305623	AT23998-A138956A-R09-C18	AT23998-A138956A-R13-C37
4968	6091	0.815629617468396	AT23998-A138956A-R09-C18	AT23998-A138956A-R13-C52
1842	6137	0.3001466514583673	AT23998-A138956A-R09-C18	AT23998-A138956A-R14-C12
3649	6192	0.5893087855297158	AT23998-A138956A-R09-C18	AT23998-A138956A-R14-C30
1820	6164	0.29526281635301754	AT23998-A138956A-R09-C18	AT23998-A138956A-R14-C38
1482	6169	0.24023342519046847	AT23998-A138956A-R09-C18	AT23998-A138956A-R14-C57
1094	6145	0.17803091944670463	AT23998-A138956A-R09-C18	AT23998-A138956A-R14-C65
1255	6156	0.203866146848603	AT23998-A138956A-R09-C18	AT23998-A138956A-R15-C09
1787	6153	0.2904274337721437	AT23998-A138956A-R09-C18	AT23998-A138956A-R15-C10
5022	6180	0.8126213592233009	AT23998-A138956A-R09-C18	AT23998-A138956A-R15-C39
1545	6165	0.25060827250608275	AT23998-A138956A-R09-C18	AT23998-A138956A-R16-C13
2512	6155	0.40812347684809097	AT23998-A138956A-R09-C57	AT23998-A138956A-R09-C63
2978	5999	0.4964160693448908	AT23998-A138956A-R09-C57	AT23998-A138956A-R09-C66
2708	6169	0.4389690387420976	AT23998-A138956A-R09-C57	AT23998-A138956A-R10-C13
2514	6168	0.4075875486381323	AT23998-A138956A-R09-C57	AT23998-A138956A-R10-C21
2369	6142	0.3857049820905243	AT23998-A138956A-R09-C57	AT23998-A138956A-R10-C27
2467	6159	0.40055203766845265	AT23998-A138956A-R09-C57	AT23998-A138956A-R10-C33
2716	6173	0.43998056050542683	AT23998-A138956A-R09-C57	AT23998-A138956A-R10-C51
2341	6158	0.38015589477102957	AT23998-A138956A-R09-C57	AT23998-A138956A-R11-C09
5374	6159	0.8725442441954863	AT23998-A138956A-R09-C57	AT23998-A138956A-R11-C39
1858	6158	0.3017213380967847	AT23998-A138956A-R09-C57	AT23998-A138956A-R12-C48
2937	6151	0.47748333604291987	AT23998-A138956A-R09-C57	AT23998-A138956A-R12-C49
2853	6170	0.46239870340356565	AT23998-A138956A-R09-C57	AT23998-A138956A-R13-C25
1692	6175	0.2740080971659919	AT23998-A138956A-R09-C57	AT23998-A138956A-R13-C37
5444	6121	0.8893971573272341	AT23998-A138956A-R09-C57	AT23998-A138956A-R13-C52
2872	6139	0.4678286365857632	AT23998-A138956A-R09-C57	AT23998-A138956A-R14-C12
4229	6149	0.6877541063587576	AT23998-A138956A-R09-C57	AT23998-A138956A-R14-C30
2667	6152	0.43351755526658	AT23998-A138956A-R09-C57	AT23998-A138956A-R14-C38
2567	6173	0.41584318807711	AT23998-A138956A-R09-C57	AT23998-A138956A-R14-C57
2330	6170	0.37763371150729336	AT23998-A138956A-R09-C57	AT23998-A138956A-R14-C65
2204	6148	0.3584905660377358	AT23998-A138956A-R09-C57	AT23998-A138956A-R15-C09
2808	6142	0.457180071637903	AT23998-A138956A-R09-C57	AT23998-A138956A-R15-C10
5369	6169	0.870319338628627	AT23998-A138956A-R09-C57	AT23998-A138956A-R15-C39
2517	6143	0.40973465733355036	AT23998-A138956A-R09-C57	AT23998-A138956A-R16-C13
2714	6015	0.4512053200332502	AT23998-A138956A-R09-C63	AT23998-A138956A-R09-C66
1501	6160	0.24366883116883117	AT23998-A138956A-R09-C63	AT23998-A138956A-R10-C13
2053	6155	0.3335499593826158	AT23998-A138956A-R09-C63	AT23998-A138956A-R10-C21
1898	6154	0.3084172895677608	AT23998-A138956A-R09-C63	AT23998-A138956A-R10-C27
1914	6173	0.3100599384416005	AT23998-A138956A-R09-C63	AT23998-A138956A-R10-C33
1641	6153	0.2666991711360312	AT23998-A138956A-R09-C63	AT23998-A138956A-R10-C51
1280	6184	0.2069857697283312	AT23998-A138956A-R09-C63	AT23998-A138956A-R11-C09
5253	6177	0.850412821758135	AT23998-A138956A-R09-C63	AT23998-A138956A-R11-C39
1797	6182	0.2906826269815594	AT23998-A138956A-R09-C63	AT23998-A138956A-R12-C48
1205	6155	0.1957757920389927	AT23998-A138956A-R09-C63	AT23998-A138956A-R12-C49
932	6157	0.15137242163391262	AT23998-A138956A-R09-C63	AT23998-A138956A-R13-C25
2071	6161	0.33614672942704105	AT23998-A138956A-R09-C63	AT23998-A138956A-R13-C37
5028	6130	0.8202283849918434	AT23998-A138956A-R09-C63	AT23998-A138956A-R13-C52
1476	6138	0.2404692082111437	AT23998-A138956A-R09-C63	AT23998-A138956A-R14-C12
4088	6190	0.6604200323101777	AT23998-A138956A-R09-C63	AT23998-A138956A-R14-C30
1448	6146	0.2356003904978848	AT23998-A138956A-R09-C63	AT23998-A138956A-R14-C38
702	6148	0.11418347430058555	AT23998-A138956A-R09-C63	AT23998-A138956A-R14-C57
1003	6129	0.16364822972752488	AT23998-A138956A-R09-C63	AT23998-A138956A-R14-C65
1990	6134	0.3244212585588523	AT23998-A138956A-R09-C63	AT23998-A138956A-R15-C09
1502	6169	0.2434754417247528	AT23998-A138956A-R09-C63	AT23998-A138956A-R15-C10
5196	6183	0.8403687530325085	AT23998-A138956A-R09-C63	AT23998-A138956A-R15-C39
793	6148	0.12898503578399478	AT23998-A138956A-R09-C63	AT23998-A138956A-R16-C13
2596	6008	0.43209054593874835	AT23998-A138956A-R09-C66	AT23998-A138956A-R10-C13
2985	5984	0.4988302139037433	AT23998-A138956A-R09-C66	AT23998-A138956A-R10-C21
2268	5976	0.3795180722891566	AT23998-A138956A-R09-C66	AT23998-A138956A-R10-C27
2489	5984	0.41594251336898397	AT23998-A138956A-R09-C66	AT23998-A138956A-R10-C33
2428	5998	0.40480160053351116	AT23998-A138956A-R09-C66	AT23998-A138956A-R10-C51
2606	5980	0.43578595317725755	AT23998-A138956A-R09-C66	AT23998-A138956A-R11-C09
4940	6108	0.8087753765553373	AT23998-A138956A-R09-C66	AT23998-A138956A-R11-C39
2111	6009	0.3513063737726743	AT23998-A138956A-R09-C66	AT23998-A138956A-R12-C48
2481	5954	0.41669465905273767	AT23998-A138956A-R09-C66	AT23998-A138956A-R12-C49
2508	5989	0.4187677408582401	AT23998-A138956A-R09-C66	AT23998-A138956A-R13-C25
2251	5970	0.3770519262981575	AT23998-A138956A-R09-C66	AT23998-A138956A-R13-C37
4895	6021	0.8129878757681448	AT23998-A138956A-R09-C66	AT23998-A138956A-R13-C52
2123	5947	0.3569867159912561	AT23998-A138956A-R09-C66	AT23998-A138956A-R14-C12
3784	6027	0.6278413804546209	AT23998-A138956A-R09-C66	AT23998-A138956A-R14-C30
2690	5975	0.4502092050209205	AT23998-A138956A-R09-C66	AT23998-A138956A-R14-C38
2622	5995	0.43736447039199333	AT23998-A138956A-R09-C66	AT23998-A138956A-R14-C57
2482	5946	0.4174234779683821	AT23998-A138956A-R09-C66	AT23998-A138956A-R14-C65
2021	5960	0.3390939597315436	AT23998-A138956A-R09-C66	AT23998-A138956A-R15-C09
2790	5962	0.4679637705467964	AT23998-A138956A-R09-C66	AT23998-A138956A-R15-C10
4985	6094	0.8180177223498523	AT23998-A138956A-R09-C66	AT23998-A138956A-R15-C39
2714	5981	0.45377027252967733	AT23998-A138956A-R09-C66	AT23998-A138956A-R16-C13
2181	6175	0.35319838056680164	AT23998-A138956A-R10-C13	AT23998-A138956A-R10-C21
1550	6138	0.25252525252525254	AT23998-A138956A-R10-C13	AT23998-A138956A-R10-C27
2136	6175	0.34591093117408905	AT23998-A138956A-R10-C13	AT23998-A138956A-R10-C33
1908	6177	0.3088878096163186	AT23998-A138956A-R10-C13	AT23998-A138956A-R10-C51
1984	6178	0.3211395273551311	AT23998-A138956A-R10-C13	AT23998-A138956A-R11-C09
5219	6176	0.8450453367875648	AT23998-A138956A-R10-C13	AT23998-A138956A-R11-C39
1663	6171	0.269486306919462	AT23998-A138956A-R10-C13	AT23998-A138956A-R12-C48
1995	6151	0.32433750609656964	AT23998-A138956A-R10-C13	AT23998-A138956A-R12-C49
1270	6157	0.2062692869904174	AT23998-A138956A-R10-C13	AT23998-A138956A-R13-C25
1977	6172	0.32031756318859367	AT23998-A138956A-R10-C13	AT23998-A138956A-R13-C37
5072	6111	0.8299787268859434	AT23998-A138956A-R10-C13	AT23998-A138956A-R13-C52
1849	6132	0.30153294194390085	AT23998-A138956A-R10-C13	AT23998-A138956A-R14-C12
3902	6179	0.6314937692183201	AT23998-A138956A-R10-C13	AT23998-A138956A-R14-C30
1953	6176	0.3162240932642487	AT23998-A138956A-R10-C13	AT23998-A138956A-R14-C38
1468	6153	0.23858280513570615	AT23998-A138956A-R10-C13	AT23998-A138956A-R14-C57
1563	6148	0.25422901756668836	AT23998-A138956A-R10-C13	AT23998-A138956A-R14-C65
1852	6158	0.30074699577784997	AT23998-A138956A-R10-C13	AT23998-A138956A-R15-C09
2010	6147	0.3269887750122011	AT23998-A138956A-R10-C13	AT23998-A138956A-R15-C10
5099	6171	0.826284232701345	AT23998-A138956A-R10-C13	AT23998-A138956A-R15-C39
1626	6148	0.2644762524398178	AT23998-A138956A-R10-C13	AT23998-A138956A-R16-C13
2404	6177	0.38918568884571797	AT23998-A138956A-R10-C21	AT23998-A138956A-R10-C27
2156	6175	0.3491497975708502	AT23998-A138956A-R10-C21	AT23998-A138956A-R10-C33
2376	6171	0.3850267379679144	AT23998-A138956A-R10-C21	AT23998-A138956A-R10-C51
2145	6168	0.3477626459143969	AT23998-A138956A-R10-C21	AT23998-A138956A-R11-C09
5265	6184	0.8513906856403622	AT23998-A138956A-R10-C21	AT23998-A138956A-R11-C39
2417	6168	0.39186121919584954	AT23998-A138956A-R10-C21	AT23998-A138956A-R12-C48
2347	6142	0.3821230869423641	AT23998-A138956A-R10-C21	AT23998-A138956A-R12-C49
1960	6133	0.31958258601010925	AT23998-A138956A-R10-C21	AT23998-A138956A-R13-C25
2083	6171	0.33754658888348726	AT23998-A138956A-R10-C21	AT23998-A138956A-R13-C37
5085	6105	0.8329238329238329	AT23998-A138956A-R10-C21	AT23998-A138956A-R13-C52
2318	6110	0.37937806873977087	AT23998-A138956A-R10-C21	AT23998-A138956A-R14-C12
4212	6181	0.681443132179259	AT23998-A138956A-R10-C21	AT23998-A138956A-R14-C30
2074	6179	0.33565301828774885	AT23998-A138956A-R10-C21	AT23998-A138956A-R14-C38
1956	6158	0.3176355959727184	AT23998-A138956A-R10-C21	AT23998-A138956A-R14-C57
1918	6147	0.31202212461363266	AT23998-A138956A-R10-C21	AT23998-A138956A-R14-C65
2661	6143	0.4331759726517988	AT23998-A138956A-R10-C21	AT23998-A138956A-R15-C09
2250	6160	0.3652597402597403	AT23998-A138956A-R10-C21	AT23998-A138956A-R15-C10
5201	6176	0.842130829015544	AT23998-A138956A-R10-C21	AT23998-A138956A-R15-C39
1920	6156	0.31189083820662766	AT23998-A138956A-R10-C21	AT23998-A138956A-R16-C13
1698	6150	0.2760975609756098	AT23998-A138956A-R10-C27	AT23998-A138956A-R10-C33
1485	6165	0.24087591240875914	AT23998-A138956A-R10-C27	AT23998-A138956A-R10-C51
2050	6151	0.3332791416029914	AT23998-A138956A-R10-C27	AT23998-A138956A-R11-C09
5220	6175	0.8453441295546559	AT23998-A138956A-R10-C27	AT23998-A138956A-R11-C39
1426	6149	0.23190762725646447	AT23998-A138956A-R10-C27	AT23998-A138956A-R12-C48
2049	6131	0.33420322948947967	AT23998-A138956A-R10-C27	AT23998-A138956A-R12-C49
1669	6146	0.27155873739017244	AT23998-A138956A-R10-C27	AT23998-A138956A-R13-C25
1898	6162	0.3080168776371308	AT23998-A138956A-R10-C27	AT23998-A138956A-R13-C37
5039	6130	0.8220228384991843	AT23998-A138956A-R10-C27	AT23998-A138956A-R13-C52
2007	6135	0.32713936430317847	AT23998-A138956A-R10-C27	AT23998-A138956A-R14-C12
3695	6184	0.597509702457956	AT23998-A138956A-R10-C27	AT23998-A138956A-R14-C30
2129	6171	0.34500081024145196	AT23998-A138956A-R10-C27	AT23998-A138956A-R14-C38
1815	6175	0.29392712550607286	AT23998-A138956A-R10-C27	AT23998-A138956A-R14-C57
1548	6133	0.2524050220120659	AT23998-A138956A-R10-C27	AT23998-A138956A-R14-C65
1554	6149	0.25272402016588064	AT23998-A138956A-R10-C27	AT23998-A138956A-R15-C09
2120	6139	0.34533311614269424	AT23998-A138956A-R10-C27	AT23998-A138956A-R15-C10
5018	6179	0.812105518692345	AT23998-A138956A-R10-C27	AT23998-A138956A-R15-C39
1805	6159	0.293067056340315	AT23998-A138956A-R10-C27	AT23998-A138956A-R16-C13
1651	6163	0.26788901509005353	AT23998-A138956A-R10-C33	AT23998-A138956A-R10-C51
2037	6155	0.33095044679122665	AT23998-A138956A-R10-C33	AT23998-A138956A-R11-C09
5407	6200	0.8720967741935484	AT23998-A138956A-R10-C33	AT23998-A138956A-R11-C39
1523	6165	0.2470397404703974	AT23998-A138956A-R10-C33	AT23998-A138956A-R12-C48
1950	6149	0.3171247357293869	AT23998-A138956A-R10-C33	AT23998-A138956A-R12-C49
1788	6145	0.29096826688364524	AT23998-A138956A-R10-C33	AT23998-A138956A-R13-C25
1592	6160	0.2584415584415584	AT23998-A138956A-R10-C33	AT23998-A138956A-R13-C37
5179	6126	0.8454129937969311	AT23998-A138956A-R10-C33	AT23998-A138956A-R13-C52
2367	6145	0.3851912123677787	AT23998-A138956A-R10-C33	AT23998-A138956A-R14-C12
3746	6165	0.6076236820762368	AT23998-A138956A-R10-C33	AT23998-A138956A-R14-C30
1956	6162	0.317429406037001	AT23998-A138956A-R10-C33	AT23998-A138956A-R14-C38
1589	6157	0.25808023388013646	AT23998-A138956A-R10-C33	AT23998-A138956A-R14-C57
1391	6136	0.2266949152542373	AT23998-A138956A-R10-C33	AT23998-A138956A-R14-C65
1184	6152	0.19245773732119636	AT23998-A138956A-R10-C33	AT23998-A138956A-R15-C09
2030	6166	0.3292247810574116	AT23998-A138956A-R10-C33	AT23998-A138956A-R15-C10
5215	6155	0.8472786352558895	AT23998-A138956A-R10-C33	AT23998-A138956A-R15-C39
1656	6163	0.2687003082914165	AT23998-A138956A-R10-C33	AT23998-A138956A-R16-C13
2046	6165	0.3318734793187348	AT23998-A138956A-R10-C51	AT23998-A138956A-R11-C09
5195	6188	0.8395281189398837	AT23998-A138956A-R10-C51	AT23998-A138956A-R11-C39
1722	6164	0.2793640493186243	AT23998-A138956A-R10-C51	AT23998-A138956A-R12-C48
1966	6146	0.31988285063455907	AT23998-A138956A-R10-C51	AT23998-A138956A-R12-C49
1800	6175	0.291497975708502	AT23998-A138956A-R10-C51	AT23998-A138956A-R13-C25
2066	6156	0.33560753736192334	AT23998-A138956A-R10-C51	AT23998-A138956A-R13-C37
5073	6134	0.8270296706879687	AT23998-A138956A-R10-C51	AT23998-A138956A-R13-C52
2102	6129	0.34295969978789365	AT23998-A138956A-R10-C51	AT23998-A138956A-R14-C12
3977	6193	0.6421766510576458	AT23998-A138956A-R10-C51	AT23998-A138956A-R14-C30
2127	6166	0.3449562114823224	AT23998-A138956A-R10-C51	AT23998-A138956A-R14-C38
1609	6164	0.2610317975340688	AT23998-A138956A-R10-C51	AT23998-A138956A-R14-C57
1533	6155	0.24906580016246954	AT23998-A138956A-R10-C51	AT23998-A138956A-R14-C65
1662	6148	0.27033181522446326	AT23998-A138956A-R10-C51	AT23998-A138956A-R15-C09
2176	6170	0.3526742301458671	AT23998-A138956A-R10-C51	AT23998-A138956A-R15-C10
5061	6174	0.8197278911564626	AT23998-A138956A-R10-C51	AT23998-A138956A-R15-C39
1633	6155	0.2653127538586515	AT23998-A138956A-R10-C51	AT23998-A138956A-R16-C13
5140	6168	0.8333333333333334	AT23998-A138956A-R11-C09	AT23998-A138956A-R11-C39
1657	6183	0.26799288371340774	AT23998-A138956A-R11-C09	AT23998-A138956A-R12-C48
1720	6150	0.27967479674796747	AT23998-A138956A-R11-C09	AT23998-A138956A-R12-C49
1385	6153	0.22509345034942305	AT23998-A138956A-R11-C09	AT23998-A138956A-R13-C25
1650	6160	0.26785714285714285	AT23998-A138956A-R11-C09	AT23998-A138956A-R13-C37
5070	6129	0.8272148800783162	AT23998-A138956A-R11-C09	AT23998-A138956A-R13-C52
1801	6139	0.2933702557419775	AT23998-A138956A-R11-C09	AT23998-A138956A-R14-C12
3890	6194	0.6280271230222796	AT23998-A138956A-R11-C09	AT23998-A138956A-R14-C30
1199	6145	0.1951179820992677	AT23998-A138956A-R11-C09	AT23998-A138956A-R14-C38
1072	6137	0.17467818152191625	AT23998-A138956A-R11-C09	AT23998-A138956A-R14-C57
1274	6104	0.20871559633027523	AT23998-A138956A-R11-C09	AT23998-A138956A-R14-C65
2109	6146	0.3431500162707452	AT23998-A138956A-R11-C09	AT23998-A138956A-R15-C09
1706	6145	0.2776240846216436	AT23998-A138956A-R11-C09	AT23998-A138956A-R15-C10
5303	6190	0.8567043618739903	AT23998-A138956A-R11-C09	AT23998-A138956A-R15-C39
1175	6129	0.1917115353238701	AT23998-A138956A-R11-C09	AT23998-A138956A-R16-C13
5266	6188	0.8510019392372333	AT23998-A138956A-R11-C39	AT23998-A138956A-R12-C48
5275	6177	0.8539744212400842	AT23998-A138956A-R11-C39	AT23998-A138956A-R12-C49
5173	6175	0.8377327935222673	AT23998-A138956A-R11-C39	AT23998-A138956A-R13-C25
5187	6175	0.84	AT23998-A138956A-R11-C39	AT23998-A138956A-R13-C37
4002	6026	0.6641221374045801	AT23998-A138956A-R11-C39	AT23998-A138956A-R13-C52
5263	6171	0.8528601523253929	AT23998-A138956A-R11-C39	AT23998-A138956A-R14-C12
5001	6187	0.8083077420397607	AT23998-A138956A-R11-C39	AT23998-A138956A-R14-C30
5119	6171	0.8295251985091557	AT23998-A138956A-R11-C39	AT23998-A138956A-R14-C38
5202	6173	0.8427020897456666	AT23998-A138956A-R11-C39	AT23998-A138956A-R14-C57
5190	6189	0.8385845855550169	AT23998-A138956A-R11-C39	AT23998-A138956A-R14-C65
5315	6187	0.8590593179246808	AT23998-A138956A-R11-C39	AT23998-A138956A-R15-C09
5111	6181	0.826888852936418	AT23998-A138956A-R11-C39	AT23998-A138956A-R15-C10
4216	6155	0.6849715678310316	AT23998-A138956A-R11-C39	AT23998-A138956A-R15-C39
5198	6184	0.8405562742561449	AT23998-A138956A-R11-C39	AT23998-A138956A-R16-C13
2072	6156	0.336582196231319	AT23998-A138956A-R12-C48	AT23998-A138956A-R12-C49
1729	6168	0.2803177691309987	AT23998-A138956A-R12-C48	AT23998-A138956A-R13-C25
1168	6190	0.18869143780290792	AT23998-A138956A-R12-C48	AT23998-A138956A-R13-C37
5282	6133	0.8612424588292842	AT23998-A138956A-R12-C48	AT23998-A138956A-R13-C52
2253	6141	0.36687835857352225	AT23998-A138956A-R12-C48	AT23998-A138956A-R14-C12
3787	6185	0.6122877930476961	AT23998-A138956A-R12-C48	AT23998-A138956A-R14-C30
1849	6164	0.2999675535366645	AT23998-A138956A-R12-C48	AT23998-A138956A-R14-C38
1549	6157	0.2515835634237453	AT23998-A138956A-R12-C48	AT23998-A138956A-R14-C57
1590	6159	0.25815879201169023	AT23998-A138956A-R12-C48	AT23998-A138956A-R14-C65
1116	6146	0.18158151643345266	AT23998-A138956A-R12-C48	AT23998-A138956A-R15-C09
2053	6161	0.3332251257912677	AT23998-A138956A-R12-C48	AT23998-A138956A-R15-C10
5207	6167	0.8443327387708772	AT23998-A138956A-R12-C48	AT23998-A138956A-R15-C39
1689	6166	0.27392150502757057	AT23998-A138956A-R12-C48	AT23998-A138956A-R16-C13
1383	6152	0.22480494148244473	AT23998-A138956A-R12-C49	AT23998-A138956A-R13-C25
2167	6135	0.3532192339038305	AT23998-A138956A-R12-C49	AT23998-A138956A-R13-C37
5128	6127	0.8369511996082911	AT23998-A138956A-R12-C49	AT23998-A138956A-R13-C52
1490	6110	0.24386252045826515	AT23998-A138956A-R12-C49	AT23998-A138956A-R14-C12
4361	6172	0.7065780946208684	AT23998-A138956A-R12-C49	AT23998-A138956A-R14-C30
1297	6133	0.21147888472199575	AT23998-A138956A-R12-C49	AT23998-A138956A-R14-C38
1138	6123	0.18585660623877184	AT23998-A138956A-R12-C49	AT23998-A138956A-R14-C57
1554	6115	0.2541291905151267	AT23998-A138956A-R12-C49	AT23998-A138956A-R14-C65
2136	6117	0.3491907797940167	AT23998-A138956A-R12-C49	AT23998-A138956A-R15-C09
1870	6153	0.3039167885584268	AT23998-A138956A-R12-C49	AT23998-A138956A-R15-C10
5545	6192	0.8955103359173127	AT23998-A138956A-R12-C49	AT23998-A138956A-R15-C39
1122	6135	0.18288508557457211	AT23998-A138956A-R12-C49	AT23998-A138956A-R16-C13
2073	6141	0.33756717147044457	AT23998-A138956A-R13-C25	AT23998-A138956A-R13-C37
4933	6098	0.8089537553296162	AT23998-A138956A-R13-C25	AT23998-A138956A-R13-C52
1577	6136	0.2570078226857888	AT23998-A138956A-R13-C25	AT23998-A138956A-R14-C12
3999	6172	0.6479261179520415	AT23998-A138956A-R13-C25	AT23998-A138956A-R14-C30
1395	6168	0.22616731517509728	AT23998-A138956A-R13-C25	AT23998-A138956A-R14-C38
894	6139	0.14562632350545693	AT23998-A138956A-R13-C25	AT23998-A138956A-R14-C57
1146	6126	0.18707149853085211	AT23998-A138956A-R13-C25	AT23998-A138956A-R14-C65
1901	6141	0.30955870379417033	AT23998-A138956A-R13-C25	AT23998-A138956A-R15-C09
1415	6145	0.23026851098454026	AT23998-A138956A-R13-C25	AT23998-A138956A-R15-C10
5115	6154	0.8311667208319792	AT23998-A138956A-R13-C25	AT23998-A138956A-R15-C39
996	6151	0.16192489026174606	AT23998-A138956A-R13-C25	AT23998-A138956A-R16-C13
5316	6135	0.8665036674816626	AT23998-A138956A-R13-C37	AT23998-A138956A-R13-C52
2303	6135	0.37538712306438465	AT23998-A138956A-R13-C37	AT23998-A138956A-R14-C12
3948	6165	0.6403892944038929	AT23998-A138956A-R13-C37	AT23998-A138956A-R14-C30
1883	6150	0.30617886178861786	AT23998-A138956A-R13-C37	AT23998-A138956A-R14-C38
1797	6153	0.29205265724037055	AT23998-A138956A-R13-C37	AT23998-A138956A-R14-C57
1685	6150	0.2739837398373984	AT23998-A138956A-R13-C37	AT23998-A138956A-R14-C65
1330	6142	0.21654184304786714	AT23998-A138956A-R13-C37	AT23998-A138956A-R15-C09
2101	6172	0.34040829552819185	AT23998-A138956A-R13-C37	AT23998-A138956A-R15-C10
5256	6175	0.8511740890688259	AT23998-A138956A-R13-C37	AT23998-A138956A-R15-C39
1826	6162	0.29633235962349885	AT23998-A138956A-R13-C37	AT23998-A138956A-R16-C13
5047	6113	0.8256175363978406	AT23998-A138956A-R13-C52	AT23998-A138956A-R14-C12
4769	6083	0.7839881637349991	AT23998-A138956A-R13-C52	AT23998-A138956A-R14-C30
5115	6124	0.8352384062704115	AT23998-A138956A-R13-C52	AT23998-A138956A-R14-C38
5002	6124	0.8167864141084259	AT23998-A138956A-R13-C52	AT23998-A138956A-R14-C57
5023	6115	0.8214227309893704	AT23998-A138956A-R13-C52	AT23998-A138956A-R14-C65
5374	6133	0.8762432740909832	AT23998-A138956A-R13-C52	AT23998-A138956A-R15-C09
5067	6117	0.8283472290338402	AT23998-A138956A-R13-C52	AT23998-A138956A-R15-C10
4432	6010	0.7374376039933445	AT23998-A138956A-R13-C52	AT23998-A138956A-R15-C39
5101	6120	0.8334967320261438	AT23998-A138956A-R13-C52	AT23998-A138956A-R16-C13
3985	6153	0.6476515520884122	AT23998-A138956A-R14-C12	AT23998-A138956A-R14-C30
1676	6142	0.2728752849234777	AT23998-A138956A-R14-C12	AT23998-A138956A-R14-C38
1575	6144	0.25634765625	AT23998-A138956A-R14-C12	AT23998-A138956A-R14-C57
1578	6101	0.25864612358629735	AT23998-A138956A-R14-C12	AT23998-A138956A-R14-C65
2421	6132	0.39481409001956946	AT23998-A138956A-R14-C12	AT23998-A138956A-R15-C09
1878	6148	0.30546519193233573	AT23998-A138956A-R14-C12	AT23998-A138956A-R15-C10
5269	6172	0.8536941023979261	AT23998-A138956A-R14-C12	AT23998-A138956A-R15-C39
1573	6116	0.25719424460431656	AT23998-A138956A-R14-C12	AT23998-A138956A-R16-C13
4019	6178	0.6505341534477177	AT23998-A138956A-R14-C30	AT23998-A138956A-R14-C38
3963	6187	0.6405366090189106	AT23998-A138956A-R14-C30	AT23998-A138956A-R14-C57
3817	6177	0.6179375101181803	AT23998-A138956A-R14-C30	AT23998-A138956A-R14-C65
3649	6181	0.5903575473224397	AT23998-A138956A-R14-C30	AT23998-A138956A-R15-C09
3932	6191	0.6351154902277499	AT23998-A138956A-R14-C30	AT23998-A138956A-R15-C10
4668	6179	0.7554620488752225	AT23998-A138956A-R14-C30	AT23998-A138956A-R15-C39
4093	6195	0.6606941081517352	AT23998-A138956A-R14-C30	AT23998-A138956A-R16-C13
1270	6133	0.2070764715473667	AT23998-A138956A-R14-C38	AT23998-A138956A-R14-C57
1244	6127	0.2030357434307165	AT23998-A138956A-R14-C38	AT23998-A138956A-R14-C65
2128	6145	0.3462978030919447	AT23998-A138956A-R14-C38	AT23998-A138956A-R15-C09
1671	6160	0.27126623376623377	AT23998-A138956A-R14-C38	AT23998-A138956A-R15-C10
5373	6182	0.8691362018764154	AT23998-A138956A-R14-C38	AT23998-A138956A-R15-C39
1214	6151	0.19736628190538125	AT23998-A138956A-R14-C38	AT23998-A138956A-R16-C13
958	6118	0.15658711997384767	AT23998-A138956A-R14-C57	AT23998-A138956A-R14-C65
1981	6150	0.3221138211382114	AT23998-A138956A-R14-C57	AT23998-A138956A-R15-C09
1318	6157	0.21406529153808673	AT23998-A138956A-R14-C57	AT23998-A138956A-R15-C10
5200	6178	0.8416963418582065	AT23998-A138956A-R14-C57	AT23998-A138956A-R15-C39
582	6135	0.09486552567237164	AT23998-A138956A-R14-C57	AT23998-A138956A-R16-C13
1882	6127	0.30716500734454055	AT23998-A138956A-R14-C65	AT23998-A138956A-R15-C09
1340	6137	0.21834772690239532	AT23998-A138956A-R14-C65	AT23998-A138956A-R15-C10
5161	6181	0.8349781588739686	AT23998-A138956A-R14-C65	AT23998-A138956A-R15-C39
1078	6143	0.17548429106299854	AT23998-A138956A-R14-C65	AT23998-A138956A-R16-C13
2249	6155	0.3653939886271324	AT23998-A138956A-R15-C09	AT23998-A138956A-R15-C10
5305	6182	0.8581365253963119	AT23998-A138956A-R15-C09	AT23998-A138956A-R15-C39
1916	6136	0.3122555410691004	AT23998-A138956A-R15-C09	AT23998-A138956A-R16-C13
5236	6178	0.8475234703787633	AT23998-A138956A-R15-C10	AT23998-A138956A-R15-C39
1081	6159	0.17551550576392272	AT23998-A138956A-R15-C10	AT23998-A138956A-R16-C13
5208	6182	0.8424458104173407	AT23998-A138956A-R15-C39	AT23998-A138956A-R16-C13
